{
    "accuracy": 0.8266666666666667,
    "precision": 0.8648648648648649,
    "recall": 0.7830342577487766,
    "f1_score": 0.821917808219178
}