Metric,Init vs Init Random,Generation vs Generation Random
LLScore Fluctuation,37.151799239969826,22.36456534378557
PPL Fluctuation,6.236245866857902,2.2582161448690248
